Date,Open,High,Low,Close,Volume
20200102,8.650,8.750,8.630,8.750,5715300
20200103,8.790,8.810,8.690,8.750,6452200
20200106,8.770,8.770,8.620,8.650,4534900
20200107,8.650,8.700,8.640,8.650,6512100
20200108,8.620,8.640,8.520,8.540,4731900
20200109,8.590,8.660,8.570,8.650,6000900
20200110,8.650,8.690,8.630,8.650,8105400
20200113,8.660,8.690,8.640,8.650,6455900
20200114,8.650,8.680,8.580,8.650,6868000
20200115,8.650,8.670,8.580,8.600,3522500
20200116,8.600,8.640,8.570,8.610,6319700
20200117,8.630,8.660,8.600,8.620,5505200
20200120,8.620,8.630,8.600,8.600,3923200
20200121,8.620,8.620,8.590,8.600,3875700
20200122,8.600,8.620,8.530,8.550,5624400
20200123,8.550,8.550,8.490,8.510,5800400
20200124,8.510,8.560,8.510,8.530,2739700
20200128,8.500,8.510,8.450,8.460,12736100
20200129,8.470,8.490,8.450,8.450,9135100
20200130,8.470,8.500,8.440,8.490,6857300
20200131,8.460,8.490,8.430,8.430,16258500
20200203,8.400,8.430,8.360,8.360,7052800
20200204,8.420,8.450,8.390,8.400,10385900
20200205,8.430,8.430,8.350,8.360,9685000
20200206,8.390,8.500,8.380,8.450,6801000
20200207,8.490,8.520,8.450,8.510,9302800
20200210,8.510,8.520,8.450,8.480,5697900
20200211,8.500,8.560,8.480,8.540,10877200
20200212,8.540,8.650,8.410,8.460,15380200
20200213,8.480,8.500,8.440,8.460,7949000
20200214,8.440,8.520,8.420,8.470,6152700
20200217,8.470,8.500,8.470,8.490,3412300
20200218,8.490,8.510,8.460,8.470,7875600
20200219,8.490,8.490,8.380,8.400,7350200
20200220,8.460,8.480,8.400,8.420,6472400
20200221,8.400,8.440,8.400,8.410,5102800
20200224,8.380,8.390,8.180,8.200,31878800
20200225,8.200,8.310,8.190,8.280,9917800
20200226,8.260,8.410,8.230,8.330,13804600
20200227,8.350,8.530,8.340,8.520,10515600
20200228,8.470,8.490,8.390,8.420,21387900
20200302,8.350,8.430,8.140,8.390,19116100
20200303,8.420,8.450,8.330,8.410,13108200
20200304,8.410,8.500,8.390,8.470,12396000
20200305,8.480,8.540,8.480,8.530,12099400
20200306,8.480,8.530,8.440,8.530,6298600
20200309,8.440,8.470,8.230,8.240,16192300
20200310,8.200,8.440,8.200,8.370,18270300
20200311,8.370,8.450,8.310,8.390,11596700
20200312,8.340,8.360,8.250,8.280,16420300
20200313,8.190,8.210,7.850,7.880,50577500
20200316,7.700,7.700,7.100,7.290,45553700
20200317,7.080,7.490,7.000,7.360,28858600
20200318,7.360,7.500,7.200,7.260,23441600
20200319,7.190,7.240,7.020,7.080,23987500
20200320,7.090,7.550,7.080,7.510,22599000
20200323,7.200,7.320,7.110,7.120,18595500
20200324,7.200,7.340,7.200,7.300,14420200
20200325,7.400,7.460,7.200,7.300,14451800
20200326,7.430,7.430,7.260,7.270,13342100
20200327,7.340,7.420,7.320,7.370,15860000
20200330,7.350,7.350,7.300,7.310,10914500
20200331,7.350,7.500,7.340,7.450,14392500
20200401,7.450,7.460,7.320,7.320,12970100
20200402,7.310,7.370,7.300,7.340,9873600
20200403,7.350,7.420,7.340,7.400,6934600
20200406,7.400,7.680,7.400,7.650,6529200
20200407,7.780,7.920,7.780,7.830,14042300
20200408,7.880,7.920,7.800,7.870,7979300
20200409,7.900,7.940,7.880,7.900,9052900
20200410,7.550,7.550,7.440,7.500,3198500
20200413,7.500,7.500,7.370,7.450,3697000
20200414,7.440,7.580,7.420,7.580,5093200
20200415,7.580,7.680,7.550,7.640,7220000
20200416,7.620,7.630,7.570,7.580,9128900
20200417,7.610,7.740,7.610,7.700,5771900
20200420,7.730,7.760,7.690,7.690,7327400
20200421,7.670,7.670,7.560,7.560,4959000
20200422,7.530,7.530,7.400,7.500,8616800
20200423,7.520,7.560,7.420,7.420,7700100
20200424,7.440,7.450,7.360,7.360,7650700
20200427,7.400,7.440,7.380,7.400,3110300
20200428,7.380,7.400,7.350,7.360,7847700
20200429,7.360,7.500,7.360,7.410,3064000
20200430,7.450,7.600,7.450,7.570,7502300
20200504,7.500,7.500,7.350,7.380,7092300
20200505,7.400,7.570,7.400,7.480,3948500
20200506,7.500,7.560,7.410,7.410,5701800
20200508,7.400,7.460,7.400,7.410,7306800
20200512,7.410,7.470,7.410,7.440,5220600
20200513,7.440,7.450,7.390,7.390,5625600
20200514,7.400,7.440,7.380,7.400,3827500
20200515,7.420,7.470,7.400,7.400,2743800
20200518,7.420,7.480,7.410,7.410,3750200
20200519,7.480,7.520,7.450,7.450,5307500
20200520,7.480,7.520,7.450,7.490,2982300
20200521,7.500,7.660,7.500,7.510,6724800
20200522,7.520,7.560,7.420,7.430,7050200
20200527,7.410,7.450,7.380,7.400,10825300
20200528,7.400,7.420,7.380,7.410,7066200
20200529,7.400,7.530,7.390,7.500,15318500
20200601,7.500,7.520,7.440,7.480,4349700
20200602,7.480,7.580,7.450,7.510,7370400
20200603,7.530,8.000,7.530,7.980,14941700
20200604,8.080,8.200,8.040,8.190,14803700
20200605,8.150,8.150,7.970,8.080,10094100
20200609,8.200,8.200,8.110,8.200,10902200
20200610,8.190,8.200,8.130,8.200,6303200
20200611,8.200,8.200,7.900,8.080,8403900
20200612,7.800,7.930,7.700,7.910,7354700
20200615,7.890,7.900,7.700,7.700,8634100
20200616,7.790,7.850,7.760,7.760,5869200
20200617,7.840,7.840,7.710,7.770,3458600
20200618,7.750,7.780,7.680,7.710,7326100
20200619,7.700,7.730,7.660,7.660,13700900
20200622,7.650,7.680,7.610,7.660,3017700
20200623,7.680,7.700,7.620,7.650,2934200
20200624,7.660,7.660,7.610,7.640,3122300
20200625,7.610,7.630,7.600,7.610,3364800
20200626,7.620,7.650,7.610,7.620,2398700
20200629,7.610,7.610,7.510,7.530,4656600
20200630,7.530,7.610,7.510,7.510,6573700
20200701,7.520,7.550,7.510,7.520,3571800
20200702,7.520,7.700,7.520,7.620,6595800
20200703,7.680,7.770,7.660,7.710,2722100
20200706,7.700,7.830,7.700,7.830,3257000
20200707,7.830,7.890,7.750,7.820,9486000
20200708,7.800,7.940,7.770,7.910,9803200
20200709,7.920,7.980,7.840,7.910,10695900
20200710,7.890,7.950,7.830,7.900,6078300
20200713,7.900,7.930,7.850,7.890,4397400
20200714,7.890,7.910,7.810,7.860,5997900
20200715,7.870,7.950,7.850,7.910,9013200
20200716,7.880,7.900,7.810,7.820,4360000
20200717,7.780,7.960,7.780,7.940,7162200
20200720,7.940,7.940,7.800,7.820,5517900
20200721,7.820,7.900,7.820,7.860,4502900
20200722,7.850,7.890,7.830,7.850,4646300
20200723,7.870,7.890,7.830,7.880,4590200
20200724,7.880,7.880,7.830,7.850,5217500
20200727,7.850,7.890,7.810,7.820,2033900
20200728,7.820,7.850,7.810,7.830,5554800
20200729,7.830,7.870,7.710,7.750,5623300
20200730,7.750,7.780,7.580,7.670,9110300
20200803,7.500,7.660,7.500,7.500,7286000
20200804,7.520,7.610,7.500,7.500,5739100
20200805,7.510,7.520,7.470,7.470,6275900
20200806,7.520,7.550,7.500,7.520,3431300
20200807,7.520,7.600,7.500,7.500,2383900
20200810,7.510,7.580,7.500,7.520,3425900
20200811,7.500,7.600,7.490,7.490,3940300
20200812,7.490,7.700,7.490,7.650,2797400
20200813,7.740,7.830,7.730,7.800,4027300
20200814,7.810,7.850,7.770,7.800,5374100
20200817,7.800,7.870,7.800,7.810,3555900
20200818,7.810,7.840,7.590,7.630,5324300
20200819,7.650,7.690,7.610,7.640,4708700
20200821,7.600,7.600,7.500,7.550,4916800
20200824,7.550,7.580,7.470,7.480,11828900
20200825,7.490,7.530,7.480,7.490,7023800
20200826,7.520,7.550,7.450,7.460,9398100
20200827,7.460,7.490,7.370,7.460,12367100
20200828,7.450,7.460,7.330,7.330,15702900
20200901,7.350,7.380,7.130,7.130,19679100
20200902,7.140,7.270,7.140,7.250,7398100
20200903,7.260,7.260,7.200,7.210,4961000
20200904,7.200,7.230,7.160,7.210,6149300
20200907,7.210,7.280,7.210,7.260,1429400
20200908,7.260,7.500,7.230,7.500,5595100
20200909,7.340,7.450,7.260,7.450,4801500
20200910,7.400,7.500,7.330,7.500,5852100
20200911,7.440,7.480,7.300,7.450,3272000
20200914,7.440,7.440,7.280,7.280,4748400
20200915,7.280,7.500,7.280,7.500,3870500
20200917,7.500,7.500,7.330,7.370,3118900
20200918,7.360,7.400,7.210,7.210,17632000
20200921,7.230,7.250,7.190,7.190,6548200
20200922,7.190,7.250,7.190,7.200,5683700
20200923,7.210,7.230,7.150,7.170,5249800
20200924,7.200,7.210,7.090,7.090,9661400
20200925,7.120,7.150,7.080,7.080,4508000
20200928,7.100,7.140,7.080,7.100,6190600
20200929,7.120,7.250,7.110,7.160,6187200
20200930,7.190,7.230,7.150,7.220,4470000
20201001,7.210,7.220,7.120,7.180,2775500
20201002,7.170,7.170,7.100,7.110,3524400
20201005,7.110,7.180,7.110,7.120,3981700
20201006,7.130,7.210,7.130,7.190,4820300
20201007,7.190,7.200,7.100,7.100,5831100
20201008,7.170,7.300,7.110,7.300,3918200
20201009,7.260,7.400,7.200,7.400,4985700
20201012,7.370,7.380,7.240,7.350,3319800
20201013,7.300,7.390,7.250,7.350,2762900
20201014,7.350,7.350,7.240,7.240,5637500
20201015,7.240,7.270,7.200,7.210,3249200
20201016,7.220,7.230,7.150,7.150,4181200
20201019,7.150,7.280,7.150,7.200,2324100
20201020,7.210,7.280,7.180,7.180,2334500
20201021,7.240,7.240,7.150,7.150,6523700
20201022,7.160,7.170,7.060,7.060,18355300
20201023,7.080,7.130,7.070,7.080,3756300
20201026,7.090,7.110,7.070,7.080,2910400
20201027,7.080,7.110,7.070,7.070,6009100
20201028,7.080,7.100,7.060,7.070,2926000
20201030,7.070,7.090,7.000,7.000,8677900
20201102,7.000,7.030,6.960,7.010,4829300
20201103,7.010,7.040,6.970,7.000,6801700
20201104,7.020,7.090,6.990,7.000,2220100
20201105,7.030,7.080,7.020,7.080,4913900
20201106,7.080,7.190,7.060,7.180,5184100
20201109,7.180,7.260,7.070,7.120,4107900
20201110,7.230,7.660,7.230,7.660,30397300
20201111,7.660,7.690,7.450,7.690,11144700
20201112,7.680,7.850,7.600,7.800,17048000
20201113,7.750,7.930,7.660,7.930,10653600
20201116,7.930,8.150,7.830,8.140,12784100
20201117,8.180,8.350,8.160,8.300,15747400
20201118,8.300,8.300,8.120,8.230,13471400
20201119,8.190,8.190,8.000,8.100,9313600
20201120,8.080,8.240,8.020,8.160,6936600
20201123,8.110,8.150,8.050,8.100,7869700
20201124,8.100,8.190,8.100,8.130,7592700
20201125,8.150,8.240,8.130,8.220,9649400
20201126,8.200,8.200,8.140,8.190,3544300
20201127,8.190,8.350,8.120,8.290,9378500
20201130,8.290,8.300,7.900,7.900,17453100
20201201,8.020,8.240,8.020,8.190,6811600
20201202,8.220,8.300,8.160,8.270,9446100
20201203,8.270,8.330,7.980,8.300,8039500
20201204,8.300,8.340,8.200,8.200,4876500
20201207,8.230,8.300,8.230,8.270,4361300
20201208,8.270,8.290,8.220,8.240,3306500
20201209,8.260,8.420,8.200,8.380,8833200
20201210,8.400,8.500,8.380,8.380,7790900
20201211,8.400,8.950,8.400,8.910,26438900
20201214,8.910,9.010,8.790,8.900,13866300
20201215,8.850,8.930,8.780,8.850,7052400
20201216,8.920,9.000,8.770,8.810,10156600
20201217,8.710,8.740,8.610,8.700,4314300
20201218,8.700,8.700,8.410,8.460,9748200
20201221,8.460,8.480,8.350,8.480,3251900
20201222,8.440,8.440,8.260,8.400,4354300
20201223,8.350,8.520,8.300,8.490,3664800
20201224,8.490,8.540,8.410,8.440,2088500
20201228,8.450,8.640,8.450,8.540,1905500
20201229,8.540,8.590,8.520,8.580,2295900
20201230,8.550,8.600,8.500,8.570,2955500
20201231,8.590,8.590,8.460,8.460,4648700
20210104,8.470,8.480,8.330,8.350,5114700
20210105,8.340,8.360,8.210,8.310,5386900
20210106,8.310,8.350,8.200,8.240,4014500
20210107,8.200,8.280,8.040,8.280,13503300
20210108,8.240,8.400,8.100,8.400,9074600
20210111,8.280,8.280,8.110,8.200,8795900
20210112,8.150,8.160,7.980,8.000,18432800
20210113,7.990,8.340,7.980,8.300,10369600
20210114,8.300,8.450,8.250,8.350,6579300
20210115,8.340,8.340,8.230,8.250,4000100
20210118,8.240,8.240,8.080,8.080,4324100
20210119,8.100,8.250,8.080,8.090,3390400
20210120,8.100,8.250,8.090,8.090,7817100
20210121,8.110,8.160,8.050,8.050,4667700
20210122,8.060,8.140,8.000,8.000,6342400
20210125,8.000,8.020,7.880,7.880,9196100
20210126,7.950,8.020,7.820,7.820,7729900
20210127,7.850,7.960,7.840,7.870,8484000
20210129,7.870,7.950,7.790,7.810,13922700
20210202,7.880,8.020,7.830,7.850,6448200
20210203,7.900,8.060,7.890,7.940,9579700
20210204,7.950,7.990,7.880,7.890,5076300
20210205,7.900,7.940,7.830,7.860,5408600
20210208,7.880,7.950,7.830,7.830,5252200
20210209,7.850,7.970,7.840,7.950,5365000
20210210,7.970,8.080,7.970,8.030,7475100
20210211,8.060,8.080,7.950,7.980,3390100
20210215,8.030,8.160,8.000,8.120,4748800
20210216,8.130,8.180,8.130,8.140,4177400
20210217,8.140,8.140,8.020,8.090,7644900
20210218,8.070,8.090,7.930,7.930,9704700
20210219,7.940,8.030,7.910,8.030,5579100
20210222,8.000,8.020,7.950,7.950,4627200
20210223,7.960,8.020,7.890,7.890,9613100
20210224,7.910,8.100,7.890,7.890,12885600
20210225,7.950,8.150,7.950,8.090,16263400
20210226,8.110,8.220,8.000,8.030,20831500
20210301,8.070,8.170,8.050,8.060,9984200
20210302,8.110,8.180,8.060,8.080,8240500
20210303,8.100,8.160,8.080,8.140,9817100
20210304,8.140,8.270,8.100,8.200,11990300
20210305,8.240,8.360,8.190,8.360,9727800
20210308,8.380,8.600,8.370,8.500,13686100
20210309,8.520,8.560,8.450,8.500,9520000
20210310,8.500,8.590,8.500,8.540,7239100
20210311,8.550,8.600,8.520,8.550,7219000
20210312,8.580,8.580,8.400,8.400,7715100
20210315,8.450,8.550,8.440,8.480,7028600
20210316,8.480,8.540,8.440,8.450,5963200
20210317,8.440,8.450,8.350,8.350,8434400
20210318,8.370,8.430,8.360,8.370,7584300
20210319,8.390,8.440,8.360,8.380,12600300
20210322,8.380,8.390,8.330,8.330,4025800
20210323,8.340,8.350,8.270,8.270,3471100
20210324,8.270,8.290,8.220,8.240,5975900
20210325,8.260,8.290,8.230,8.230,4579300
20210326,8.240,8.280,8.210,8.250,5856200
20210329,8.250,8.400,8.250,8.380,3973500
20210330,8.390,8.470,8.340,8.400,6302800
20210331,8.400,8.460,8.210,8.250,12314000
20210401,8.260,8.320,8.230,8.250,5909200
20210402,8.270,8.280,8.230,8.250,4477000
20210405,8.260,8.370,8.260,8.340,1791200
20210406,8.350,8.350,8.270,8.310,3771700
20210407,8.340,8.480,8.300,8.480,5912500
20210408,8.400,8.430,8.280,8.280,8152000
20210409,8.290,8.320,8.270,8.290,4045100
20210412,8.300,8.360,8.270,8.320,7651200
20210413,8.320,8.350,8.310,8.320,3358300
20210414,8.350,8.390,8.300,8.310,4923600
20210415,8.310,8.350,8.280,8.300,5653200
20210416,8.300,8.300,8.270,8.280,4849100
20210419,8.280,8.300,8.250,8.280,4344400
20210420,8.280,8.380,8.260,8.310,6040200
20210421,8.300,8.330,8.280,8.300,2988800
20210422,8.300,8.330,8.270,8.280,3373100
20210423,8.280,8.290,8.250,8.260,6875400
20210426,8.270,8.360,8.250,8.360,6291500
20210427,8.350,8.350,8.250,8.260,7047700
20210428,8.270,8.290,8.240,8.250,6723000
20210430,8.260,8.290,8.230,8.230,9533600
20210503,8.230,8.280,8.210,8.270,2145800
20210504,8.270,8.290,8.230,8.240,4962700
20210505,8.250,8.260,8.210,8.210,4564100
20210506,8.220,8.240,8.160,8.230,5176100
20210507,8.250,8.280,8.200,8.240,1872500
20210510,8.230,8.260,8.220,8.240,3097200
20210511,8.220,8.240,8.170,8.190,3566700
20210512,8.190,8.250,8.180,8.210,4726000
20210517,8.280,8.350,8.270,8.300,9066100
20210518,8.310,8.400,8.300,8.390,5955900
20210519,8.390,8.400,8.240,8.280,7296500
20210520,8.280,8.350,8.260,8.270,5620400
20210521,8.270,8.330,8.220,8.240,6898000
20210524,8.270,8.370,8.270,8.340,7530500
20210525,8.340,8.360,8.330,8.330,6553800
20210527,8.390,8.400,8.330,8.330,28611100
20210528,8.000,8.220,7.980,8.200,22509100
20210531,8.100,8.180,8.100,8.180,6539300
20210601,8.160,8.220,8.130,8.200,5763500
20210602,8.200,8.300,8.190,8.240,8132100
20210603,8.240,8.270,8.180,8.200,4994700
20210604,8.220,8.220,8.160,8.170,7168500
20210608,8.190,8.250,8.170,8.200,9830400
20210609,8.190,8.230,8.170,8.200,4842300
20210610,8.190,8.220,8.160,8.180,4762200
20210611,8.210,8.220,8.160,8.180,4793400
20210614,8.200,8.240,8.180,8.190,6609300
20210615,8.230,8.240,8.190,8.200,6900700
20210616,8.200,8.220,8.170,8.170,7760600
20210617,8.230,8.230,8.160,8.170,6170200
20210618,8.170,8.220,8.160,8.200,11846400
20210621,8.180,8.190,8.150,8.180,3995600
20210622,8.180,8.220,8.180,8.200,5855400
20210623,8.200,8.210,8.180,8.200,4422800
20210624,8.210,8.220,8.190,8.200,5110600
20210625,8.200,8.210,8.160,8.190,3132700
20210628,8.180,8.190,8.120,8.140,5188900
20210629,8.120,8.150,8.120,8.130,6639200
20210630,8.130,8.160,8.100,8.110,9913200
20210701,8.110,8.180,8.110,8.110,5707500
20210702,8.110,8.150,8.100,8.110,3792200
20210705,8.120,8.130,8.090,8.130,4517300
20210706,8.130,8.150,8.100,8.100,5398800
20210707,8.100,8.110,8.060,8.060,6667600
20210708,8.060,8.070,8.000,8.030,5489500
20210709,8.030,8.130,8.030,8.130,4149500
20210712,8.150,8.150,8.050,8.060,4046500
20210713,8.070,8.120,8.050,8.060,2969800
20210714,8.070,8.090,8.030,8.050,5611500
20210715,8.050,8.100,8.050,8.050,5099300
20210716,8.060,8.080,8.010,8.050,3933100
20210719,8.050,8.110,8.030,8.030,5532200
20210721,8.030,8.080,8.010,8.010,5436800
20210722,8.030,8.070,8.020,8.040,4193400
20210723,8.050,8.080,8.020,8.030,4552900
20210726,8.030,8.040,8.000,8.000,3786200
20210727,8.020,8.030,8.000,8.000,4056200
20210728,8.000,8.040,7.990,8.040,3770900
20210729,8.040,8.100,8.030,8.040,6320100
20210730,8.080,8.080,8.010,8.010,12356100
20210802,8.010,8.040,7.990,7.990,7272200
20210803,8.000,8.050,7.990,8.050,4082500
20210804,8.020,8.040,8.000,8.010,4772100
20210805,8.020,8.110,8.020,8.040,5421300
20210806,8.040,8.050,7.980,7.980,5063800
20210809,8.000,8.030,7.990,8.000,4170800
20210811,8.020,8.100,8.020,8.030,5048100
20210812,8.020,8.040,7.990,8.010,6482900
20210813,8.010,8.050,8.000,8.050,3416500
20210816,8.010,8.060,8.010,8.060,4245300
20210817,8.080,8.180,8.070,8.140,7986800
20210818,8.160,8.160,8.100,8.140,3219500
20210819,8.130,8.130,8.060,8.090,3378800
20210820,8.110,8.150,8.100,8.120,2481700
20210823,8.120,8.180,8.120,8.170,2740300
20210824,8.170,8.320,8.160,8.320,11958400
20210825,8.320,8.390,8.310,8.330,6494900
20210826,8.330,8.460,8.290,8.450,15585500
20210827,8.450,8.490,8.350,8.370,8277800
20210830,8.400,8.450,8.370,8.400,15745800
20210901,8.500,8.500,8.300,8.300,11580300
20210902,8.300,8.330,8.270,8.270,5935100
20210903,8.300,8.370,8.290,8.360,5150600
20210906,8.370,8.400,8.310,8.330,3099900
20210907,8.330,8.360,8.260,8.270,7448400
20210908,8.270,8.330,8.270,8.310,6840800
20210909,8.310,8.350,8.250,8.260,8835400
20210910,8.280,8.320,8.280,8.290,5578400
20210913,8.300,8.340,8.290,8.300,5751800
20210914,8.300,8.340,8.280,8.290,7729300
20210915,8.290,8.330,8.270,8.290,6305200
20210917,8.300,8.300,8.250,8.250,12007200
20210920,8.280,8.300,8.250,8.300,5948500
20210921,8.300,8.340,8.280,8.330,6102200
20210922,8.100,8.120,8.050,8.100,8966000
20210923,8.100,8.150,8.100,8.150,5206600
20210924,8.150,8.150,8.060,8.100,6052400
20210927,8.100,8.120,8.070,8.100,4951500
20210928,8.100,8.120,8.070,8.100,5055200
20210929,8.090,8.110,8.070,8.100,6080200
20210930,8.100,8.100,8.050,8.050,12922100
20211001,8.050,8.090,8.020,8.050,7229500
20211004,8.060,8.080,8.020,8.030,4843500
20211005,8.050,8.050,8.000,8.010,8490700
20211006,8.020,8.100,8.020,8.080,7276700
20211007,8.080,8.090,8.020,8.050,8429600
20211008,8.050,8.120,8.030,8.050,8794200
20211011,8.060,8.190,8.060,8.160,7430400
20211012,8.170,8.290,8.130,8.230,10727500
20211013,8.280,8.350,8.240,8.290,10062000
20211014,8.300,8.310,8.250,8.280,4068600
20211015,8.270,8.320,8.270,8.280,4919300
20211018,8.320,8.350,8.290,8.310,8260000
20211020,8.350,8.350,8.300,8.310,5894400
20211021,8.290,8.300,8.200,8.200,16989400
20211022,8.150,8.220,8.100,8.150,5929700
20211025,8.170,8.230,8.150,8.150,7072100
20211026,8.170,8.180,8.120,8.120,6927900
20211027,8.150,8.180,8.130,8.130,6212600
20211028,8.130,8.170,8.100,8.110,6856900
20211029,8.150,8.150,8.050,8.050,12744800
20211101,8.030,8.030,7.990,7.990,19994700
20211102,8.000,8.060,7.990,7.990,14166400
20211103,8.010,8.050,8.000,8.000,6587600
20211105,8.060,8.060,7.990,8.010,7442600
20211108,8.020,8.050,7.990,8.010,6504600
20211109,8.010,8.030,7.990,7.990,5564700
20211110,8.000,8.000,7.980,7.990,3811100
20211111,8.000,8.030,7.990,8.000,9120000
20211112,8.040,8.130,8.040,8.110,21463000
20211115,8.110,8.200,8.060,8.100,5427000
20211116,8.120,8.130,8.060,8.090,9802500
20211117,8.100,8.120,8.050,8.070,7211100
20211118,8.060,8.070,8.040,8.040,4650900
20211119,8.050,8.080,8.030,8.080,5583400
20211122,8.100,8.170,8.070,8.150,7744700
20211123,8.150,8.160,8.120,8.160,5923100
20211124,8.170,8.170,8.100,8.120,5761000
20211125,8.160,8.170,8.100,8.110,6947800
20211126,8.120,8.120,8.070,8.100,7883200
20211129,8.050,8.080,8.000,8.050,14506700
20211130,8.050,8.070,7.980,7.980,69689000
20211201,7.980,7.990,7.940,7.950,17852900
20211202,7.950,7.980,7.870,7.950,15650300
20211206,7.950,8.040,7.920,7.990,6915900
20211207,8.000,8.100,8.000,8.100,4972100
20211208,8.110,8.160,8.040,8.100,6946700
20211209,8.130,8.140,8.060,8.110,6248700
20211210,8.110,8.150,8.110,8.120,8790000
20211213,8.150,8.200,8.140,8.180,5392900
20211214,8.150,8.160,8.080,8.090,8446500
20211215,8.100,8.150,8.070,8.100,4590400
20211216,8.120,8.170,8.080,8.110,6164900
20211217,8.100,8.120,8.050,8.080,15061100
20211220,8.070,8.130,8.060,8.110,3592900
20211221,8.120,8.150,8.080,8.140,5696000
20211222,8.140,8.220,8.140,8.220,5398200
20211223,8.200,8.250,8.190,8.250,3810600
20211224,8.250,8.250,8.210,8.250,989400
20211227,8.250,8.300,8.210,8.300,3564900
20211228,8.300,8.300,8.280,8.300,3159600
20211229,8.290,8.330,8.280,8.330,4337000
20211230,8.320,8.330,8.270,8.300,4792600
20211231,8.290,8.300,8.210,8.300,7968500
20220103,8.290,8.340,8.260,8.330,1600100
20220104,8.330,8.360,8.300,8.360,3812600
20220105,8.350,8.360,8.310,8.350,4009700
20220106,8.360,8.360,8.290,8.300,4650200
20220107,8.300,8.320,8.270,8.320,4304200
20220110,8.320,8.350,8.280,8.340,5194100
20220111,8.330,8.500,8.320,8.500,13400500
20220112,8.490,8.500,8.400,8.410,5230400
20220113,8.410,8.500,8.400,8.500,6076700
20220114,8.480,8.480,8.420,8.460,3803500
20220117,8.450,8.480,8.390,8.410,6514300
20220119,8.490,8.490,8.310,8.320,9284300
20220120,8.310,8.320,8.260,8.280,5697900
20220121,8.280,8.300,8.250,8.280,3697500
20220124,8.240,8.260,8.200,8.250,6793500
20220125,8.200,8.230,8.170,8.230,7623000
20220126,8.230,8.300,8.230,8.300,4861300
20220127,8.300,8.320,8.280,8.300,6740500
20220128,8.300,8.340,8.280,8.310,5973400
20220131,8.300,8.310,8.270,8.270,6030000
20220203,8.290,8.350,8.290,8.320,7871200
20220204,8.310,8.320,8.250,8.260,4343900
20220207,8.260,8.330,8.260,8.330,6537000
20220208,8.350,8.380,8.330,8.350,3130200
20220209,8.350,8.500,8.350,8.500,10869700
20220210,8.490,8.550,8.460,8.550,8871500
20220211,8.520,8.580,8.490,8.570,5725500
20220214,8.560,8.600,8.520,8.600,5044600
20220215,8.600,8.620,8.560,8.620,7698400
20220216,8.650,8.740,8.650,8.690,8043400
20220217,8.710,8.740,8.680,8.680,6343500
20220218,8.670,8.680,8.620,8.660,5278200
20220221,8.670,8.800,8.670,8.800,14516800
20220222,8.790,8.790,8.660,8.720,7153400
20220223,8.710,8.790,8.710,8.770,6897000
20220224,8.770,8.770,8.610,8.700,12256600
20220225,8.800,8.940,8.760,8.880,19982800
20220228,8.880,8.950,8.760,8.760,23797300
20220301,8.800,9.000,8.770,8.900,17200200
20220302,8.900,8.980,8.890,8.940,11439700
20220303,8.990,9.120,8.940,9.120,22234100
20220304,9.120,9.120,8.970,9.000,11629000
20220307,9.000,9.020,8.760,8.790,16825000
20220308,8.780,8.850,8.750,8.800,17459400
20220309,8.800,8.830,8.760,8.810,12103800
20220310,8.860,8.980,8.860,8.950,9845200
20220311,8.950,8.970,8.850,8.910,13078000
20220314,8.950,8.960,8.890,8.920,9771700
20220315,8.920,9.030,8.920,8.970,15373900
20220316,8.760,8.900,8.760,8.900,18507400
20220317,8.900,9.040,8.890,8.980,25559900
20220318,8.990,9.040,8.940,9.020,48769300
20220321,9.000,9.010,8.830,8.850,8993500
20220322,8.850,8.900,8.820,8.830,7968000
20220323,8.830,8.950,8.830,8.940,6696300
20220324,8.940,8.980,8.920,8.980,7216900
20220325,8.970,8.990,8.880,8.900,4076600
20220328,8.950,8.980,8.910,8.960,5655400
20220329,8.960,8.960,8.850,8.900,9036200
20220330,8.930,8.980,8.880,8.880,6513000
20220331,8.900,8.980,8.890,8.940,13186100
20220401,8.960,8.990,8.920,8.980,7608600
20220404,8.980,8.980,8.940,8.960,6324100
20220405,8.950,8.980,8.860,8.860,7373300
20220406,8.850,8.940,8.850,8.890,6850400
20220407,8.890,8.890,8.830,8.830,10373800
20220408,8.850,8.860,8.820,8.850,5400400
20220411,8.850,8.890,8.840,8.850,3598100
20220412,8.840,8.890,8.820,8.820,7898300
20220413,8.820,8.860,8.810,8.840,6144300
20220414,8.840,8.860,8.820,8.830,5961300
20220415,8.830,8.830,8.790,8.790,3371900
20220418,8.800,8.810,8.750,8.750,5627900
20220420,8.770,8.840,8.770,8.800,8520700
20220421,8.800,8.920,8.800,8.880,5070400
20220422,8.880,8.960,8.880,8.940,12667800
20220425,8.910,8.930,8.880,8.890,5353000
20220426,8.890,8.980,8.890,8.950,11014100
20220427,8.940,9.020,8.910,8.980,8299600
20220428,9.100,9.100,9.000,9.040,13334200
20220429,9.050,9.080,8.980,9.070,6499400
20220505,9.110,9.110,8.990,8.990,14471800
20220506,9.020,9.050,8.960,9.000,16531400
20220509,9.000,9.050,8.970,9.000,8082600
20220510,9.000,9.010,8.970,9.000,10344400
20220511,9.000,9.100,8.990,9.100,9939200
20220512,9.100,9.180,9.040,9.070,11698100
20220513,9.060,9.060,8.950,8.960,9013100
20220517,8.990,8.990,8.880,8.950,13757500
20220518,8.960,9.030,8.890,8.990,12894500
20220519,9.000,9.000,8.950,8.980,8624000
20220520,8.990,9.010,8.960,8.960,8031800
20220523,8.960,9.000,8.950,8.980,6697500
20220524,8.980,8.990,8.950,8.960,5997700
20220525,8.980,8.980,8.930,8.960,5495700
20220526,8.960,9.030,8.960,8.980,8098900
20220527,8.970,8.990,8.930,8.990,4576400
20220530,8.980,9.000,8.970,8.980,3510600
20220531,8.980,9.100,8.930,9.100,24283800
20220601,9.030,9.030,8.890,8.890,10000200
20220602,8.950,8.960,8.920,8.940,3888000
20220603,8.940,8.950,8.880,8.880,6678900
20220607,8.890,8.910,8.840,8.840,6181500
20220608,8.870,8.890,8.840,8.840,5121400
20220609,8.850,8.870,8.800,8.800,7299500
20220610,8.800,8.810,8.750,8.750,5540600
20220613,8.710,8.720,8.600,8.680,9847100
20220614,8.640,8.720,8.610,8.680,12044600
20220615,8.680,8.690,8.600,8.630,6405300
20220616,8.670,8.720,8.660,8.720,5464600
20220617,8.660,8.880,8.630,8.880,15701800
20220620,8.770,8.780,8.650,8.650,4966600
20220621,8.650,8.670,8.600,8.650,8874500
20220622,8.650,8.650,8.600,8.600,10588900
20220623,8.590,8.630,8.500,8.560,4106500
20220624,8.560,8.610,8.550,8.600,4508500
20220627,8.640,8.660,8.560,8.580,3108000
20220628,8.580,8.670,8.560,8.640,10031100
20220629,8.620,8.660,8.600,8.650,7588600
20220630,8.650,8.660,8.570,8.590,9486800
20220701,8.570,8.630,8.560,8.620,3724200
20220704,8.600,8.650,8.570,8.600,2575800
20220705,8.610,8.650,8.590,8.610,5958100
20220706,8.620,8.680,8.600,8.620,7664500
20220707,8.620,8.650,8.580,8.580,8578000
20220708,8.600,8.640,8.600,8.620,2318300
20220712,8.620,8.650,8.610,8.640,6454000
20220713,8.620,8.630,8.580,8.610,6351800
20220714,8.600,8.650,8.600,8.620,5360900
20220715,8.620,8.620,8.580,8.590,2147100
20220718,8.600,8.610,8.560,8.580,4454300
20220719,8.580,8.590,8.550,8.560,3887700
20220720,8.570,8.610,8.570,8.600,3442400
20220721,8.610,8.740,8.610,8.700,5902300
20220722,8.730,8.840,8.730,8.810,6858400
20220725,8.800,8.810,8.750,8.800,3774900
20220726,8.800,8.800,8.760,8.790,5389100
20220727,8.790,8.830,8.780,8.800,4439100
20220728,8.820,8.850,8.780,8.850,7911500
20220729,8.850,8.860,8.830,8.860,6251300
20220801,8.870,8.870,8.830,8.870,5326700
20220802,8.870,8.880,8.830,8.880,5583500
20220803,8.830,8.860,8.810,8.830,5472400
20220804,8.830,8.900,8.830,8.900,10733300
20220805,8.890,8.890,8.840,8.890,7493700
20220808,8.900,8.900,8.870,8.880,3227000
20220809,8.890,8.940,8.880,8.890,4560000
20220810,8.900,8.920,8.880,8.900,8167900
20220811,8.910,8.970,8.910,8.940,9179100
20220812,8.950,9.000,8.950,8.970,9174500
20220815,8.970,8.990,8.910,8.910,5851400
20220816,8.920,8.990,8.900,8.970,10501000
20220817,8.980,9.030,8.940,8.970,8606400
20220818,8.970,9.020,8.940,8.950,7366500
20220819,8.950,8.970,8.900,8.920,3313100
20220822,8.900,8.910,8.850,8.870,6213100
20220823,8.860,8.870,8.820,8.830,4518400
20220824,8.830,8.870,8.800,8.810,10754100
20220825,8.850,8.860,8.820,8.840,12236200
20220826,8.840,8.970,8.830,8.910,9472400
20220829,8.870,8.980,8.870,8.940,6908200
20220830,8.930,8.980,8.910,8.970,16918100
20220901,8.950,8.990,8.900,8.910,12497100
20220902,8.920,8.970,8.910,8.930,6213800
20220905,8.930,8.980,8.910,8.940,4605700
20220906,8.940,8.990,8.900,8.900,6615200
20220907,8.940,8.940,8.910,8.930,3679900
20220908,8.950,8.970,8.930,8.950,6305100
20220909,8.950,9.000,8.950,8.970,7766200
20220912,9.000,9.030,8.970,8.990,5265200
20220913,9.000,9.020,8.920,8.920,8180900
20220914,8.900,8.950,8.840,8.850,8516800
20220915,8.860,8.930,8.860,8.860,16256600
20220919,8.600,8.650,8.590,8.630,10516900
20220920,8.650,8.710,8.620,8.700,13167600
20220921,8.690,8.740,8.650,8.730,12824000
20220922,8.700,8.740,8.660,8.710,9821800
20220923,8.710,8.720,8.680,8.690,6231400
20220926,8.680,8.690,8.560,8.590,8102800
20220927,8.590,8.610,8.530,8.570,13257100
20220928,8.580,8.590,8.540,8.560,14998200
20220929,8.570,8.610,8.530,8.560,10921500
20220930,8.550,8.580,8.520,8.580,13665700
20221003,8.580,8.620,8.530,8.600,6345600
20221004,8.600,8.690,8.600,8.680,7446200
20221005,8.680,8.720,8.670,8.700,7544600
20221006,8.710,8.720,8.660,8.670,6092500
20221007,8.700,8.700,8.620,8.650,5115500
20221011,8.570,8.580,8.410,8.440,13658000
20221012,8.450,8.520,8.440,8.510,12017800
20221013,8.500,8.510,8.470,8.470,6868100
20221014,8.500,8.520,8.450,8.450,9162100
20221017,8.460,8.530,8.460,8.520,7178100
20221018,8.520,8.550,8.480,8.510,8438500
20221019,8.520,8.550,8.510,8.550,5678000
20221020,8.550,8.600,8.510,8.600,17687500
20221021,8.600,8.750,8.570,8.660,5264000
20221025,8.690,8.800,8.650,8.680,11102300
20221026,8.720,8.750,8.680,8.700,4901500
20221027,8.710,8.740,8.670,8.680,9727200
20221028,8.680,8.680,8.560,8.580,9980500
20221031,8.600,8.670,8.570,8.590,13458200
20221101,8.600,8.610,8.510,8.540,8463200
20221102,8.580,8.600,8.490,8.540,14217100
20221103,8.560,8.560,8.380,8.410,15120000
20221104,8.430,8.500,8.430,8.450,14252300
20221107,8.500,8.520,8.450,8.480,7544600
20221108,8.500,8.520,8.480,8.500,7659200
20221109,8.500,8.670,8.490,8.630,11826300
20221110,8.620,8.680,8.600,8.640,6787700
20221111,8.690,8.730,8.590,8.600,12681900
20221114,8.600,8.620,8.560,8.590,7450800
20221115,8.590,8.590,8.480,8.500,11820600
20221116,8.500,8.520,8.450,8.510,5543400
20221117,8.520,8.560,8.510,8.560,8101600
20221121,8.560,8.570,8.500,8.540,13127000
20221122,8.540,8.600,8.520,8.540,9165900
20221123,8.520,8.580,8.510,8.550,5063000
20221124,8.690,8.840,8.650,8.760,26437100
20221125,8.790,8.830,8.660,8.670,14156200
20221129,8.670,8.750,8.660,8.700,13796900
20221130,8.700,8.700,8.620,8.630,24418800
20221201,8.650,8.700,8.590,8.620,13787500
20221202,8.620,8.620,8.550,8.580,14812800
20221205,8.590,8.600,8.530,8.580,7507800
20221206,8.570,8.640,8.560,8.610,6061300
20221207,8.620,8.700,8.570,8.650,5247500
20221208,8.620,8.660,8.600,8.620,6500200
20221209,8.640,8.690,8.600,8.690,5168200
20221212,8.700,8.700,8.640,8.700,3534200
20221213,8.690,8.760,8.670,8.750,6300100
20221214,8.750,8.780,8.720,8.770,5615300
20221215,8.770,8.790,8.670,8.700,7569200
20221216,8.660,8.730,8.650,8.720,7126000
20221219,8.720,8.720,8.680,8.710,6689900
20221220,8.710,8.730,8.680,8.700,3594600
20221221,8.700,8.780,8.700,8.780,2914600
20221222,8.780,8.780,8.690,8.710,2812200
20221223,8.710,8.780,8.680,8.780,2805500
20221227,8.760,8.790,8.640,8.640,5169900
20221228,8.650,8.720,8.570,8.710,8294200
20221229,8.670,8.750,8.630,8.740,5176600
20221230,8.750,8.780,8.660,8.700,11372700
20230103,8.670,8.720,8.640,8.710,2945000
20230104,8.710,8.730,8.670,8.710,5769800
20230105,8.720,8.780,8.710,8.780,4995300
20230106,8.780,8.790,8.730,8.770,2335800
20230109,8.790,8.820,8.770,8.800,8902300
20230110,8.800,8.830,8.760,8.790,9589500
20230111,8.790,8.850,8.770,8.830,9458400
20230112,8.840,8.850,8.800,8.800,8251400
20230113,8.810,8.860,8.810,8.860,4406700
20230116,8.860,8.870,8.770,8.780,13282500
20230117,8.780,8.830,8.760,8.780,10039700
20230118,8.790,8.840,8.770,8.810,12028600
20230119,8.850,8.860,8.780,8.800,8461300
20230120,8.800,8.820,8.780,8.800,9472200
20230125,8.800,8.820,8.790,8.810,7311200
20230126,8.810,8.810,8.770,8.780,3449500
20230127,8.780,8.800,8.730,8.740,7677600
20230130,8.750,8.780,8.750,8.780,10107700
20230131,8.750,8.760,8.730,8.740,18926700
20230202,8.850,8.850,8.710,8.720,8622200
20230203,8.720,8.740,8.680,8.710,10222500
20230207,8.650,8.690,8.600,8.630,14622300
20230208,8.630,8.660,8.620,8.640,10821200
20230209,8.660,8.670,8.600,8.620,8488500
20230210,8.630,8.760,8.630,8.750,3723000
20230213,8.760,8.790,8.730,8.770,10984000
20230214,8.750,8.820,8.750,8.800,10805000
20230215,8.800,8.820,8.720,8.800,6298200
20230216,8.800,8.800,8.760,8.770,11109700
20230217,8.770,8.780,8.730,8.750,4141800
20230220,8.750,8.770,8.710,8.740,1772000
20230221,8.750,8.760,8.700,8.700,3129300
20230222,8.700,8.740,8.630,8.660,6858900
20230223,8.680,8.720,8.660,8.690,5099500
20230224,8.710,8.760,8.690,8.740,5191900
20230227,8.750,8.780,8.700,8.750,9393300
20230228,8.750,8.820,8.740,8.800,14539900
20230301,8.800,8.810,8.740,8.780,11206400
20230302,8.780,8.800,8.740,8.750,6903900
20230303,8.780,8.780,8.710,8.710,7501900
20230306,8.760,8.790,8.660,8.690,10924700
20230307,8.720,8.740,8.680,8.680,7443900
20230308,8.700,8.710,8.670,8.670,10314400
20230309,8.690,8.720,8.690,8.710,12475500
20230310,8.710,8.750,8.700,8.700,7520300
20230313,8.450,8.480,8.360,8.440,11284800
20230314,8.440,8.450,8.340,8.340,12179400
20230315,8.390,8.420,8.350,8.350,8240000
20230316,8.350,8.350,8.260,8.260,10810700
20230317,8.290,8.430,8.290,8.380,14838400
20230320,8.390,8.400,8.330,8.340,4898200
20230321,8.380,8.420,8.370,8.400,3105300
20230322,8.400,8.550,8.400,8.550,5988000
20230323,8.510,8.530,8.450,8.490,4242000
20230324,8.500,8.500,8.430,8.430,3945300
20230327,8.440,8.460,8.430,8.440,4017200
20230328,8.460,8.510,8.440,8.510,3961900
20230329,8.500,8.570,8.490,8.560,6333300
20230330,8.570,8.630,8.540,8.630,4793800
20230331,8.630,8.640,8.560,8.570,5979600
20230403,8.570,8.670,8.570,8.670,3422500
20230404,8.670,8.670,8.610,8.660,4197700
20230405,8.660,8.660,8.620,8.660,3801300